method,degree,lambda,gamma,test_loss
mse_gd,5,,0.01,0.40113773232235805
mse_sgd,3,,0.001,0.345125818145695
least_squares,2,,,0.26554269466106906
ridge,4,0.01,,0.3973920690364441
logistic,4,,0.1,0.48091492786238427
reg_logistic,4,0.001,0.1,0.48120691833385515
reg_lasso_logistic,2,0.001,0.001,0.003174974122522467
